DHwty\m{C}	\u{1305F}
Hnmmt\m{C}	\u{131F6}
sxmty\m{C}	\u{132D7}
Sndyt\m{C}	\u{132EF}
Xnmw\m{C}	\u{13060}
inpw\m{C}	\u{13062}
mniw\m{C}	\u{13026}
Spsi\m{C}	\u{1303C}
mAat\m{C}	\u{13066}
wDAt\m{C}	\u{13080}
spty\m{C}	\u{1308F}
zzmt\m{C}	\u{130D7}
msDr\m{C}	\u{13114}
imAx\m{C}	\u{1312A}
nbty\m{C}	\u{13152}
rxyt\m{C}	\u{1315A}
baHi\m{C}	\u{13164}
Styw\m{C}	\u{13189}
nSmt\m{C}	\u{131A0}
srqt\m{C}	\u{131AB}
iAdt\m{C}	\u{131F2}
dwAt\m{C}	\u{131FD}
spAt\m{C}	\u{13208}
xAst\m{C}	\u{13209}
wsxt\m{C}	\u{13269}
zxnt\m{C}	\u{1327D}
niwt\m{C}	\u{13296}
Snwt\m{C}	\u{1329A}
qrsw\m{C}	\u{132AD}
xAwt\m{C}	\u{132AF}
snTr\m{C}	\u{132B8}
imnt\m{C}	\u{132C0}
dSrt\m{C}	\u{132D4}
xprS\m{C}	\u{132D9}
Swty\m{C}	\u{132DB}
mnit\m{C}	\u{132E7}
sDAw\m{C}	\u{132E8}
mnxt\m{C}	\u{132F2}
nxxw\m{C}	\u{13305}
wrrt\m{C}	\u{1331D}
HqAt\m{C}	\u{1333F}
mxAt\m{C}	\u{1335D}
sTAw\m{C}	\u{1336E}
Hnqt\m{C}	\u{133CA}
mDAt\m{C}	\u{133DB}
mnhd\m{C}	\u{133DE}
zSSt\m{C}	\u{133E3}
mAa\m{C}	\u{13419}
apr\m{C}	\u{13422}
wDa\m{C}	\u{13423}
Xkr\m{C}	\u{1342C}
msi\m{C}	\u{13052}
mSa\m{C}	\u{1300E}
Xrd\m{C}	\u{13014}
qiz\m{C}	\u{1302B}
iry\m{C}	\u{13038}
Sps\m{C}	\u{1303B}
stX\m{C}	\u{13063}
mnw\m{C}	\u{13064}
Sny\m{C}	\u{13078}
rmi\m{C}	\u{1307F}
fnD\m{C}	\u{13089}
spt\m{C}	\u{1308E}
mnD\m{C}	\u{13091}
aHA\m{C}	\u{1309A}
Dsr\m{C}	\u{130A6}
Dba\m{C}	\u{130AD}
sbq\m{C}	\u{130BE}
gHs\m{C}	\u{130BE}
wab\m{C}	\u{130C2}
sAH\m{C}	\u{130C3}
zAb\m{C}	\u{130E5}
mAi\m{C}	\u{130EC}
Aby\m{C}	\u{130EE}
HAt\m{C}	\u{13102}
SsA\m{C}	\u{13103}
wsr\m{C}	\u{1310A}
idn\m{C}	\u{13114}
sDm\m{C}	\u{13114}
DrD\m{C}	\u{13114}
kfA\m{C}	\u{13116}
xpS\m{C}	\u{13117}
wHm\m{C}	\u{13119}
sti\m{C}	\u{1311D}
nfr\m{C}	\u{13124}
zmA\m{C}	\u{13125}
spr\m{C}	\u{1312D}
iwa\m{C}	\u{1312F}
isw\m{C}	\u{1312F}
pXr\m{C}	\u{13132}
qAb\m{C}	\u{13132}
tyw\m{C}	\u{13142}
mwt\m{C}	\u{13150}
dSr\m{C}	\u{1315F}
wSA\m{C}	\u{13170}
mAw\m{C}	\u{13176}
snD\m{C}	\u{1317E}
wSm\m{C}	\u{13180}
pAq\m{C}	\u{13181}
aSA\m{C}	\u{13188}
mzH\m{C}	\u{1318A}
sbk\m{C}	\u{1318B}
sAq\m{C}	\u{1318C}
Hfn\m{C}	\u{13190}
xpr\m{C}	\u{131A3}
bit\m{C}	\u{131A4}
iAm\m{C}	\u{131AD}
rnp\m{C}	\u{131B3}
zSn\m{C}	\u{131B8}
wdn\m{C}	\u{131BB}
wAD\m{C}	\u{131C5}
sxt\m{C}	\u{131CF}
rsw\m{C}	\u{131D4}
Sma\m{C}	\u{131D7}
nDm\m{C}	\u{131DB}
bnr\m{C}	\u{131DC}
bdt\m{C}	\u{131E3}
idt\m{C}	\u{131F2}
hrw\m{C}	\u{131F3}
pzD\m{C}	\u{131F7}
Abd\m{C}	\u{131F9}
iaH\m{C}	\u{131F9}
dwA\m{C}	\u{131FC}
sbA\m{C}	\u{131FC}
wDb\m{C}	\u{13204}
Axt\m{C}	\u{1320C}
iAt\m{C}	\u{1320F}
Hwt\m{C}	\u{13257}
kAr\m{C}	\u{1326C}
txn\m{C}	\u{13276}
iwn\m{C}	\u{1327A}
inb\m{C}	\u{13285}
Szp\m{C}	\u{1328F}
ipt\m{C}	\u{13292}
nxn\m{C}	\u{13294}
wHa\m{C}	\u{132A0}
TAw\m{C}	\u{132A1}
nfw\m{C}	\u{132A1}
aHa\m{C}	\u{132A2}
xrw\m{C}	\u{132A4}
qrs\m{C}	\u{132AD}
xAt\m{C}	\u{132AF}
Htp\m{C}	\u{132B5}
kAp\m{C}	\u{132B6}
nTr\m{C}	\u{132B9}
iAb\m{C}	\u{132C1}
HDt\m{C}	\u{132D1}
Atf\m{C}	\u{132DA}
mDH\m{C}	\u{132DC}
wsx\m{C}	\u{132DD}
nbw\m{C}	\u{132DE}
tHn\m{C}	\u{132E3}
THn\m{C}	\u{132E3}
xtm\m{C}	\u{132E9}
dmD\m{C}	\u{132EC}
siA\m{C}	\u{132F7}
anx\m{C}	\u{132F9}
Swt\m{C}	\u{132FA}
HqA\m{C}	\u{132FE}
awt\m{C}	\u{132FF}
wAs\m{C}	\u{13300}
Dam\m{C}	\u{13301}
abA\m{C}	\u{13302}
sxm\m{C}	\u{13302}
xrp\m{C}	\u{13302}
Ams\m{C}	\u{13304}
HDD\m{C}	\u{1330D}
zin\m{C}	\u{13315}
zwn\m{C}	\u{13315}
sXr\m{C}	\u{13315}
rwd\m{C}	\u{13317}
rwD\m{C}	\u{13317}
qmA\m{C}	\u{13319}
Sms\m{C}	\u{1331E}
DbA\m{C}	\u{13325}
nmt\m{C}	\u{13329}
sSm\m{C}	\u{1332B}
Sna\m{C}	\u{13341}
biA\m{C}	\u{13344}
grg\m{C}	\u{13345}
stp\m{C}	\u{13349}
mnx\m{C}	\u{1334A}
Hmt\m{C}	\u{1334D}
wbA\m{C}	\u{1334F}
rtH\m{C}	\u{13355}
zmn\m{C}	\u{13356}
xsf\m{C}	\u{13359}
Snt\m{C}	\u{13362}
100\m{C}	\u{13362}
sTA\m{C}	\u{1336C}
snT\m{C}	\u{13370}
arq\m{C}	\u{1337C}
iTi\m{C}	\u{13381}
mDt\m{C}	\u{13385}
XAr\m{C}	\u{13385}
TmA\m{C}	\u{13385}
wAH\m{C}	\u{1339D}
msn\m{C}	\u{133A3}
sSr\m{C}	\u{133A4}
idr\m{C}	\u{133A9}
bAs\m{C}	\u{133B0}
Xnm\m{C}	\u{133B8}
iab\m{C}	\u{133BA}
nst\m{C}	\u{133BC}
xnt\m{C}	\u{133C3}
ini\m{C}	\u{133CE}
rdi\m{C}	\u{133D9}
ibA\m{C}	\u{133E1}
imi\m{C}	\u{133F6}
wnm\m{C}	\u{133F6}
Hp\m{C}	\u{13411}
qn\m{C}	\u{13416}
im\m{C}	\u{1341B}
gs\m{C}	\u{1341B}
sA\m{C}	\u{1341F}
nD\m{C}	\u{13429}
qd\m{C}	\u{1342A}
xr\m{C}	\u{13012}
sr\m{C}	\u{13019}
HH\m{C}	\u{13068}
tp\m{C}	\u{13076}
Hr\m{C}	\u{13077}
ir\m{C}	\u{13079}
rA\m{C}	\u{1308B}
kA\m{C}	\u{13093}
mt\m{C}	\u{130B8}
rd\m{C}	\u{130BE}
gH\m{C}	\u{130BE}
ab\m{C}	\u{130C1}
rw\m{C}	\u{130ED}
wn\m{C}	\u{130F9}
wp\m{C}	\u{1310B}
db\m{C}	\u{1310F}
Hw\m{C}	\u{13111}
bH\m{C}	\u{13111}
ns\m{C}	\u{13113}
pH\m{C}	\u{13116}
Xn\m{C}	\u{1311A}
Sd\m{C}	\u{1311E}
ms\m{C}	\u{1311F}
sd\m{C}	\u{13122}
ib\m{C}	\u{13123}
Aw\m{C}	\u{1312B}
AA\m{C}	\u{13140}
mm\m{C}	\u{13154}
nH\m{C}	\u{13158}
Db\m{C}	\u{13159}
Ax\m{C}	\u{1315C}
gm\m{C}	\u{13160}
bA\m{C}	\u{13161}
aq\m{C}	\u{13167}
wr\m{C}	\u{13168}
gb\m{C}	\u{1316C}
zA\m{C}	\u{1316D}
pA\m{C}	\u{1316E}
xn\m{C}	\u{1316F}
ww\m{C}	\u{13173}
TA\m{C}	\u{13177}
Sw\m{C}	\u{13184}
km\m{C}	\u{1318E}
DD\m{C}	\u{13195}
in\m{C}	\u{1319B}
ad\m{C}	\u{1319D}
XA\m{C}	\u{1319E}
bz\m{C}	\u{1319F}
Hn\m{C}	\u{131B0}
xt\m{C}	\u{131B1}
tr\m{C}	\u{131B5}
SA\m{C}	\u{131B7}
xA\m{C}	\u{131BC}
HA\m{C}	\u{131C9}
ii\m{C}	\u{131CD}
sm\m{C}	\u{131D0}
sw\m{C}	\u{131D3}
Dr\m{C}	\u{131E5}
iz\m{C}	\u{131E9}
pt\m{C}	\u{131EF}
ra\m{C}	\u{131F3}
zw\m{C}	\u{131F3}
tA\m{C}	\u{131FE}
iw\m{C}	\u{13200}
Dw\m{C}	\u{1320B}
xa\m{C}	\u{1320D}
mw\m{C}	\u{13217}
Sm\m{C}	\u{1321D}
id\m{C}	\u{1321F}
pr\m{C}	\u{13250}
aH\m{C}	\u{13265}
zH\m{C}	\u{13272}
aA\m{C}	\u{1327B}
zb\m{C}	\u{13284}
zp\m{C}	\u{13297}
st\m{C}	\u{132A8}
wz\m{C}	\u{132A9}
kp\m{C}	\u{132B6}
bd\m{C}	\u{132BA}
dd\m{C}	\u{132BD}
Dd\m{C}	\u{132BD}
wx\m{C}	\u{132C2}
xm\m{C}	\u{132C9}
sT\m{C}	\u{132EB}
Tz\m{C}	\u{132ED}
sf\m{C}	\u{132F5}
Tb\m{C}	\u{132F8}
xw\m{C}	\u{132FD}
md\m{C}	\u{13303}
HD\m{C}	\u{13309}
pd\m{C}	\u{13312}
pD\m{C}	\u{13314}
Ai\m{C}	\u{13317}
Ar\m{C}	\u{13317}
rs\m{C}	\u{13318}
qs\m{C}	\u{1331F}
wa\m{C}	\u{13321}
sn\m{C}	\u{13322}
iH\m{C}	\u{13324}
Xr\m{C}	\u{13328}
nm\m{C}	\u{13330}
mA\m{C}	\u{13333}
mr\m{C}	\u{13338}
it\m{C}	\u{1333E}
hb\m{C}	\u{13341}
tm\m{C}	\u{13343}
Ab\m{C}	\u{1334B}
DA\m{C}	\u{13351}
ti\m{C}	\u{13358}
Hm\m{C}	\u{1335B}
St\m{C}	\u{13362}
wA\m{C}	\u{1336F}
Sn\m{C}	\u{13372}
mD\m{C}	\u{13386}
mH\m{C}	\u{13394}
wD\m{C}	\u{13397}
aD\m{C}	\u{13399}
sk\m{C}	\u{1339D}
nb\m{C}	\u{1339F}
Hb\m{C}	\u{133B1}
Hz\m{C}	\u{133BF}
mi\m{C}	\u{133C7}
nw\m{C}	\u{133CC}
di\m{C}	\u{133D9}
zS\m{C}	\u{133DE}
mn\m{C}	\u{133E0}
nr\m{C}	\u{13182}
M\m{C}	\u{1341D}
x\m{C}	\u{1340D}
r\m{C}	\u{1308B}
a\m{C}	\u{1309D}
d\m{C}	\u{130A7}
b\m{C}	\u{130C0}
l\m{C}	\u{130ED}
X\m{C}	\u{13121}
A\m{C}	\u{1313F}
m\m{C}	\u{13153}
w\m{C}	\u{13171}
f\m{C}	\u{13191}
D\m{C}	\u{13193}
i\m{C}	\u{131CB}
q\m{C}	\u{1320E}
n\m{C}	\u{13216}
S\m{C}	\u{13219}
h\m{C}	\u{13254}
z\m{C}	\u{13283}
p\m{C}	\u{132AA}
N\m{C}	\u{132D4}
s\m{C}	\u{132F4}
T\m{C}	\u{1337F}
H\m{C}	\u{1339B}
k\m{C}	\u{133A1}
g\m{C}	\u{133BC}
t\m{C}	\u{133CF}
y\m{C}	\u{133ED}
W\m{C}	\u{133F2}